{
  "simple": {
    "cmarkgfm": {
      "time": 0.017633859996522006,
      "memory": 0.974609375
    },
    "markdown": {
      "time": 0.285226529999818,
      "memory": 5.4150390625
    },
    "mistune": {
      "time": 0.16901958999824274,
      "memory": 5.6845703125
    },
    "mistletoe": {
      "time": 0.2596635900010824,
      "memory": 9.396484375
    },
    "markdown-it-py": {
      "time": 0.2317153299986785,
      "memory": 13.890625
    }
  },
  "medium": {
    "cmarkgfm": {
      "time": 0.05192263000253661,
      "memory": 2.90625
    },
    "markdown": {
      "time": 1.090874800003121,
      "memory": 19.181640625
    },
    "mistune": {
      "time": 0.7318761899978199,
      "memory": 24.2705078125
    },
    "mistletoe": {
      "time": 1.0771013699957166,
      "memory": 31.2421875
    },
    "markdown-it-py": {
      "time": 0.9540699200022118,
      "memory": 53.2734375
    }
  },
  "large": {
    "cmarkgfm": {
      "time": 1.9984199700024874,
      "memory": 117.654296875
    },
    "markdown": {
      "time": 50.77882485999908,
      "memory": 843.958984375
    },
    "mistune": {
      "time": 36.926537979996965,
      "memory": 1877.2783203125
    },
    "mistletoe": {
      "time": 52.73308664000069,
      "memory": 1366.0634765625
    },
    "markdown-it-py": {
      "time": 50.26232556999503,
      "memory": 2732.1943359375
    }
  },
  "gfm": {
    "cmarkgfm": {
      "time": 0.02453590000072836,
      "memory": 2.158203125
    },
    "markdown": {
      "time": 0.5867673600016587,
      "memory": 11.1083984375
    },
    "mistune": {
      "time": 0.3652138700101659,
      "memory": 12.4599609375
    },
    "mistletoe": {
      "time": 0.5482986300069115,
      "memory": 15.8232421875
    },
    "markdown-it-py": {
      "time": 0.4897826499995972,
      "memory": 25.2080078125
    }
  }
}